{"Custom View 0": {"name": "vistaFrontal", "camera": {"camera_type": 1, "eye": {"x": -1.3940044641494997, "y": -74.23243099264836, "z": 0.15646371245382085}, "is_fit_view": false, "is_smooth": true, "target": {"x": -1.3940044641494964, "y": -1.2375407218933105, "z": 0.15646371245380664}, "up_vector": {"x": 0.0, "y": 0.0, "z": 1.0}, "view_extents": 0.4, "view_orientation": 0, "perspective_angle": 0.39479111969976155}}, "Custom View 1": {"name": "perspectiva", "camera": {"camera_type": 1, "eye": {"x": 40.749615954403666, "y": -43.381161295064736, "z": 42.30008416751831}, "is_fit_view": false, "is_smooth": true, "target": {"x": -1.394004494451643, "y": -1.2375407806959835, "z": 0.15646371737210885}, "up_vector": {"x": -0.408248289702437, "y": 0.4082482908188735, "z": 0.8164965811309338}, "view_extents": 0.4, "view_orientation": 0, "perspective_angle": 0.39479111969976155}, "display_state": {}, "visual_style": 3}, "Custom View 2": {"name": "PosteriorFrontal", "camera": {"camera_type": 1, "eye": {"x": -1.3940044641494589, "y": 71.75734794139862, "z": 0.15646371245384216}, "is_fit_view": false, "is_smooth": true, "target": {"x": -1.3940044641494964, "y": -1.2375407218933105, "z": 0.15646371245380664}, "up_vector": {"x": 0.0, "y": 0.0, "z": 1.0}, "view_extents": 0.4, "view_orientation": 0, "perspective_angle": 0.39479111969976155}}, "Custom View 3": {"name": "lateralDerecha", "camera": {"camera_type": 1, "eye": {"x": 71.60088580660558, "y": -1.2375407218933128, "z": 0.15646371245382795}, "is_fit_view": false, "is_smooth": true, "target": {"x": -1.3940044641494964, "y": -1.2375407218933105, "z": 0.15646371245380664}, "up_vector": {"x": 0.0, "y": 2.220446049250313e-16, "z": 1.0}, "view_extents": 0.4, "view_orientation": 0, "perspective_angle": 0.39479111969976155}}, "Custom View 4": {"name": "lateralIzquierda", "camera": {"camera_type": 1, "eye": {"x": -74.3888940052438, "y": -1.2375407218932963, "z": 0.15646371245383467}, "is_fit_view": false, "is_smooth": true, "target": {"x": -1.3940044641494964, "y": -1.2375407218933105, "z": 0.15646371245380664}, "up_vector": {"x": 0.0, "y": 0.0, "z": 1.0}, "view_extents": 0.4, "view_orientation": 0, "perspective_angle": 0.39479111969976155}}, "Custom View 5": {"name": "VistaTop", "camera": {"camera_type": 1, "eye": {"x": -1.394004464149483, "y": -1.2375407218933248, "z": 73.15135398320889}, "is_fit_view": false, "is_smooth": true, "target": {"x": -1.3940044641494964, "y": -1.2375407218933105, "z": 0.15646371245380664}, "up_vector": {"x": 0.0, "y": 1.0, "z": 0.0}, "view_extents": 0.4, "view_orientation": 0, "perspective_angle": 0.39479111969976155}}, "Custom View 6": {"name": "vistaTopAbajo", "camera": {"camera_type": 1, "eye": {"x": -1.3940044641494866, "y": -1.2375407218932943, "z": -72.83842507004738}, "is_fit_view": false, "is_smooth": true, "target": {"x": -1.3940044641494964, "y": -1.2375407218933105, "z": 0.15646371245380664}, "up_vector": {"x": 0.0, "y": -1.0, "z": 0.0}, "view_extents": 0.4, "view_orientation": 0, "perspective_angle": 0.39479111969976155}}}